from,to,count,error,note
2025-05-12T13:30:46.265Z,2025-06-10T13:30:46.265Z,3587117,,
2025-05-12T13:30:46.265Z,2025-05-27T01:30:46.265Z,3587117,,
2025-05-12T13:30:46.265Z,2025-05-19T19:30:46.265Z,3587120,,
2025-05-12T13:30:46.265Z,2025-05-16T04:30:46.265Z,3587120,,
2025-05-12T13:30:46.265Z,2025-05-14T09:00:46.265Z,3587121,,
2025-05-12T13:30:46.265Z,2025-05-13T11:15:46.265Z,3587121,,
2025-05-12T13:30:46.265Z,2025-05-13T00:23:16.265Z,3587122,,
2025-05-12T13:30:46.265Z,2025-05-12T18:57:01.265Z,3587122,,
2025-05-12T13:30:46.265Z,2025-05-12T16:13:53.765Z,3587122,,
2025-05-12T13:30:46.265Z,2025-05-12T14:52:20.015Z,3587123,,
2025-05-12T13:30:46.265Z,2025-05-12T14:11:33.140Z,3587124,,
2025-05-12T13:30:46.265Z,2025-05-12T13:51:09.702Z,3587124,,
2025-05-12T13:30:46.265Z,2025-05-12T13:40:57.983Z,3587124,,
2025-05-12T13:30:46.265Z,2025-05-12T13:35:52.124Z,3587125,,
2025-05-12T13:30:46.265Z,2025-05-12T13:33:19.194Z,3587126,,
2025-05-12T13:30:46.265Z,2025-05-12T13:32:02.729Z,3587126,,
2025-05-12T13:30:46.265Z,2025-05-12T13:31:24.497Z,3587126,,
2025-05-12T13:30:46.265Z,2025-05-12T13:31:05.381Z,3587126,,
2025-05-12T13:30:46.265Z,2025-05-12T13:30:55.823Z,3587126,,
2025-05-12T13:30:46.265Z,2025-05-12T13:30:51.044Z,3587127,,
2025-05-12T13:30:46.265Z,2025-05-12T13:30:48.654Z,3587127,,
2025-05-12T13:30:46.265Z,2025-05-12T13:30:47.459Z,3587128,,
2025-05-12T13:30:46.265Z,2025-05-12T13:30:46.862Z,3587128,,
2025-05-12T13:30:46.265Z,2025-05-12T13:30:46.563Z,3587128,,
2025-05-12T13:30:46.265Z,2025-05-12T13:30:46.414Z,3587128,,
2025-05-12T13:30:46.265Z,2025-05-12T13:30:46.339Z,3587128,,
2025-05-12T13:30:46.265Z,2025-05-12T13:30:46.302Z,3587128,,
2025-05-12T13:30:46.265Z,2025-05-12T13:30:46.283Z,3587128,,
2025-05-12T13:30:46.265Z,2025-05-12T13:30:46.274Z,3587130,,
2025-05-12T13:30:46.265Z,2025-05-12T13:30:46.269Z,3587130,,
2025-05-12T13:30:46.265Z,2025-05-12T13:30:46.267Z,3587130,,
2025-05-12T13:30:46.265Z,2025-05-12T13:30:46.266Z,3587130,,
2025-05-12T13:30:46.265Z,2025-05-12T13:30:46.265Z,3587130,,
2025-05-12T13:30:46.265Z,2025-05-12T13:30:46.265Z,3587130,,
2025-05-12T13:30:46.265Z,2025-05-12T13:30:46.265Z,3587131,,
2025-05-12T13:30:46.265Z,2025-05-12T13:30:46.265Z,3587131,,
2025-05-12T13:30:46.265Z,2025-05-12T13:30:46.265Z,3587131,,
2025-05-12T13:30:46.265Z,2025-05-12T13:30:46.265Z,3587132,,
2025-05-12T13:30:46.265Z,2025-05-12T13:30:46.265Z,3587134,,
2025-05-12T13:30:46.265Z,2025-05-12T13:30:46.265Z,3587134,,
2025-05-12T13:30:46.265Z,2025-05-12T13:30:46.265Z,3587134,,
2025-05-12T13:30:46.265Z,2025-05-12T13:30:46.265Z,3587134,,
2025-05-12T13:30:46.265Z,2025-05-12T13:30:46.265Z,3587134,,
2025-05-12T13:30:46.265Z,2025-05-12T13:30:46.265Z,3587134,,
2025-05-12T13:30:46.265Z,2025-05-12T13:30:46.265Z,3587135,,
2025-05-12T13:30:46.265Z,2025-05-12T13:30:46.265Z,3587136,,
2025-05-12T13:30:46.265Z,2025-05-12T13:30:46.265Z,3587138,,
2025-05-12T13:30:46.265Z,2025-05-12T13:30:46.265Z,3587138,,
2025-05-12T13:30:46.265Z,2025-05-12T13:30:46.265Z,3587138,,
2025-05-12T13:30:46.265Z,2025-05-12T13:30:46.265Z,3587138,,
2025-05-12T13:30:46.265Z,2025-05-12T13:30:46.265Z,3587138,,
2025-05-12T13:30:46.265Z,2025-05-12T13:30:46.265Z,3587139,,
2025-05-12T13:30:46.265Z,2025-05-12T13:30:46.265Z,3587139,,
2025-05-12T13:30:46.265Z,2025-05-12T13:30:46.265Z,3587139,,
2025-05-12T13:30:46.265Z,2025-05-12T13:30:46.265Z,3587139,,
2025-05-12T13:30:46.265Z,2025-05-12T13:30:46.265Z,3587139,,
2025-05-12T13:30:46.265Z,2025-05-12T13:30:46.265Z,3587139,,
2025-05-12T13:30:46.265Z,2025-05-12T13:30:46.265Z,3587139,,
2025-05-12T13:30:46.265Z,2025-05-12T13:30:46.265Z,3587139,,
2025-05-12T13:30:46.265Z,2025-05-12T13:30:46.265Z,3587139,,
2025-05-12T13:30:46.265Z,2025-05-12T13:30:46.265Z,,,skipped-max-calls
2025-05-12T13:30:46.266Z,2025-05-12T13:30:46.265Z,,,skipped-max-calls
2025-05-12T13:30:46.266Z,2025-05-12T13:30:46.265Z,,,skipped-max-calls
2025-05-12T13:30:46.266Z,2025-05-12T13:30:46.265Z,,,skipped-max-calls
2025-05-12T13:30:46.266Z,2025-05-12T13:30:46.265Z,,,skipped-max-calls
2025-05-12T13:30:46.266Z,2025-05-12T13:30:46.265Z,,,skipped-max-calls
2025-05-12T13:30:46.266Z,2025-05-12T13:30:46.265Z,,,skipped-max-calls
2025-05-12T13:30:46.266Z,2025-05-12T13:30:46.265Z,,,skipped-max-calls
2025-05-12T13:30:46.266Z,2025-05-12T13:30:46.265Z,,,skipped-max-calls
2025-05-12T13:30:46.266Z,2025-05-12T13:30:46.265Z,,,skipped-max-calls
2025-05-12T13:30:46.266Z,2025-05-12T13:30:46.265Z,,,skipped-max-calls
2025-05-12T13:30:46.266Z,2025-05-12T13:30:46.265Z,,,skipped-max-calls
2025-05-12T13:30:46.266Z,2025-05-12T13:30:46.265Z,,,skipped-max-calls
2025-05-12T13:30:46.266Z,2025-05-12T13:30:46.265Z,,,skipped-max-calls
2025-05-12T13:30:46.266Z,2025-05-12T13:30:46.265Z,,,skipped-max-calls
2025-05-12T13:30:46.266Z,2025-05-12T13:30:46.265Z,,,skipped-max-calls
2025-05-12T13:30:46.266Z,2025-05-12T13:30:46.265Z,,,skipped-max-calls
2025-05-12T13:30:46.266Z,2025-05-12T13:30:46.265Z,,,skipped-max-calls
2025-05-12T13:30:46.266Z,2025-05-12T13:30:46.265Z,,,skipped-max-calls
2025-05-12T13:30:46.266Z,2025-05-12T13:30:46.265Z,,,skipped-max-calls
2025-05-12T13:30:46.266Z,2025-05-12T13:30:46.265Z,,,skipped-max-calls
2025-05-12T13:30:46.266Z,2025-05-12T13:30:46.265Z,,,skipped-max-calls
2025-05-12T13:30:46.266Z,2025-05-12T13:30:46.265Z,,,skipped-max-calls
2025-05-12T13:30:46.266Z,2025-05-12T13:30:46.265Z,,,skipped-max-calls
2025-05-12T13:30:46.266Z,2025-05-12T13:30:46.265Z,,,skipped-max-calls
2025-05-12T13:30:46.266Z,2025-05-12T13:30:46.265Z,,,skipped-max-calls
2025-05-12T13:30:46.266Z,2025-05-12T13:30:46.265Z,,,skipped-max-calls
2025-05-12T13:30:46.266Z,2025-05-12T13:30:46.265Z,,,skipped-max-calls
2025-05-12T13:30:46.266Z,2025-05-12T13:30:46.265Z,,,skipped-max-calls
2025-05-12T13:30:46.266Z,2025-05-12T13:30:46.266Z,,,skipped-max-calls
2025-05-12T13:30:46.267Z,2025-05-12T13:30:46.267Z,,,skipped-max-calls
2025-05-12T13:30:46.268Z,2025-05-12T13:30:46.269Z,,,skipped-max-calls
2025-05-12T13:30:46.270Z,2025-05-12T13:30:46.274Z,,,skipped-max-calls
2025-05-12T13:30:46.275Z,2025-05-12T13:30:46.283Z,,,skipped-max-calls
2025-05-12T13:30:46.284Z,2025-05-12T13:30:46.302Z,,,skipped-max-calls
2025-05-12T13:30:46.303Z,2025-05-12T13:30:46.339Z,,,skipped-max-calls
2025-05-12T13:30:46.340Z,2025-05-12T13:30:46.414Z,,,skipped-max-calls
2025-05-12T13:30:46.415Z,2025-05-12T13:30:46.563Z,,,skipped-max-calls
2025-05-12T13:30:46.564Z,2025-05-12T13:30:46.862Z,,,skipped-max-calls
2025-05-12T13:30:46.863Z,2025-05-12T13:30:47.459Z,,,skipped-max-calls
2025-05-12T13:30:47.460Z,2025-05-12T13:30:48.654Z,,,skipped-max-calls
2025-05-12T13:30:48.655Z,2025-05-12T13:30:51.044Z,,,skipped-max-calls
2025-05-12T13:30:51.045Z,2025-05-12T13:30:55.823Z,,,skipped-max-calls
2025-05-12T13:30:55.824Z,2025-05-12T13:31:05.381Z,,,skipped-max-calls
2025-05-12T13:31:05.382Z,2025-05-12T13:31:24.497Z,,,skipped-max-calls
2025-05-12T13:31:24.498Z,2025-05-12T13:32:02.729Z,,,skipped-max-calls
2025-05-12T13:32:02.730Z,2025-05-12T13:33:19.194Z,,,skipped-max-calls
2025-05-12T13:33:19.195Z,2025-05-12T13:35:52.124Z,,,skipped-max-calls
2025-05-12T13:35:52.125Z,2025-05-12T13:40:57.983Z,,,skipped-max-calls
2025-05-12T13:40:57.984Z,2025-05-12T13:51:09.702Z,,,skipped-max-calls
2025-05-12T13:51:09.703Z,2025-05-12T14:11:33.140Z,,,skipped-max-calls
2025-05-12T14:11:33.141Z,2025-05-12T14:52:20.015Z,,,skipped-max-calls
2025-05-12T14:52:20.016Z,2025-05-12T16:13:53.765Z,,,skipped-max-calls
2025-05-12T16:13:53.766Z,2025-05-12T18:57:01.265Z,,,skipped-max-calls
2025-05-12T18:57:01.266Z,2025-05-13T00:23:16.265Z,,,skipped-max-calls
2025-05-13T00:23:16.266Z,2025-05-13T11:15:46.265Z,,,skipped-max-calls
2025-05-13T11:15:46.266Z,2025-05-14T09:00:46.265Z,,,skipped-max-calls
2025-05-14T09:00:46.266Z,2025-05-16T04:30:46.265Z,,,skipped-max-calls
2025-05-16T04:30:46.266Z,2025-05-19T19:30:46.265Z,,,skipped-max-calls
2025-05-19T19:30:46.266Z,2025-05-27T01:30:46.265Z,,,skipped-max-calls
2025-05-27T01:30:46.266Z,2025-06-10T13:30:46.265Z,,,skipped-max-calls
